komentar,Sentimen
Pelayanan di tempat ini sangat memuaskan dan ramah.,Positif
Saya merasa sangat terbantu dengan layanan yang diberikan.,Negatif
Kualitas produk sangat baik dan sesuai harapan.,Positif
Respon admin cepat dan solutif.,Positif
Pengalaman saya sangat menyenangkan menggunakan layanan ini.,Positif
Fitur yang disediakan sangat lengkap dan mudah digunakan.,Negatif
Saya puas dengan hasil yang saya dapatkan.,Negatif
Aplikasinya berjalan lancar tanpa kendala.,Netral
Pelayanan cepat dan tidak berbelit-belit.,Negatif
Sangat direkomendasikan untuk digunakan.,Positif
Pelayanan di tempat ini sangat memuaskan dan ramah.,Positif
Saya merasa sangat terbantu dengan layanan yang diberikan.,Negatif
Kualitas produk sangat baik dan sesuai harapan.,Positif
Respon admin cepat dan solutif.,Positif
Pengalaman saya sangat menyenangkan menggunakan layanan ini.,Positif
Fitur yang disediakan sangat lengkap dan mudah digunakan.,Negatif
Saya puas dengan hasil yang saya dapatkan.,Negatif
Aplikasinya berjalan lancar tanpa kendala.,Netral
Pelayanan cepat dan tidak berbelit-belit.,Negatif
Sangat direkomendasikan untuk digunakan.,Positif
Pelayanan di tempat ini sangat memuaskan dan ramah.,Positif
Saya merasa sangat terbantu dengan layanan yang diberikan.,Negatif
Kualitas produk sangat baik dan sesuai harapan.,Positif
Respon admin cepat dan solutif.,Positif
Pengalaman saya sangat menyenangkan menggunakan layanan ini.,Positif
Fitur yang disediakan sangat lengkap dan mudah digunakan.,Negatif
Saya puas dengan hasil yang saya dapatkan.,Negatif
Aplikasinya berjalan lancar tanpa kendala.,Netral
Pelayanan cepat dan tidak berbelit-belit.,Negatif
Sangat direkomendasikan untuk digunakan.,Positif
Pelayanan di tempat ini sangat memuaskan dan ramah.,Positif
Saya merasa sangat terbantu dengan layanan yang diberikan.,Negatif
Kualitas produk sangat baik dan sesuai harapan.,Positif
Respon admin cepat dan solutif.,Positif
Pengalaman saya sangat menyenangkan menggunakan layanan ini.,Positif
Fitur yang disediakan sangat lengkap dan mudah digunakan.,Negatif
Saya puas dengan hasil yang saya dapatkan.,Negatif
Aplikasinya berjalan lancar tanpa kendala.,Netral
Pelayanan cepat dan tidak berbelit-belit.,Negatif
Sangat direkomendasikan untuk digunakan.,Positif
Pelayanan di tempat ini sangat memuaskan dan ramah.,Positif
Saya merasa sangat terbantu dengan layanan yang diberikan.,Negatif
Kualitas produk sangat baik dan sesuai harapan.,Positif
Respon admin cepat dan solutif.,Positif
Pengalaman saya sangat menyenangkan menggunakan layanan ini.,Positif
Fitur yang disediakan sangat lengkap dan mudah digunakan.,Negatif
Saya puas dengan hasil yang saya dapatkan.,Negatif
Aplikasinya berjalan lancar tanpa kendala.,Netral
Pelayanan cepat dan tidak berbelit-belit.,Negatif
Sangat direkomendasikan untuk digunakan.,Positif
Pelayanan di tempat ini sangat memuaskan dan ramah.,Positif
Saya merasa sangat terbantu dengan layanan yang diberikan.,Negatif
Kualitas produk sangat baik dan sesuai harapan.,Positif
Respon admin cepat dan solutif.,Positif
Pengalaman saya sangat menyenangkan menggunakan layanan ini.,Positif
Fitur yang disediakan sangat lengkap dan mudah digunakan.,Negatif
Saya puas dengan hasil yang saya dapatkan.,Negatif
Aplikasinya berjalan lancar tanpa kendala.,Netral
Pelayanan cepat dan tidak berbelit-belit.,Negatif
Sangat direkomendasikan untuk digunakan.,Positif
Pelayanan di tempat ini sangat memuaskan dan ramah.,Positif
Saya merasa sangat terbantu dengan layanan yang diberikan.,Negatif
Kualitas produk sangat baik dan sesuai harapan.,Positif
Respon admin cepat dan solutif.,Positif
Pengalaman saya sangat menyenangkan menggunakan layanan ini.,Positif
Fitur yang disediakan sangat lengkap dan mudah digunakan.,Negatif
Saya puas dengan hasil yang saya dapatkan.,Negatif
Aplikasinya berjalan lancar tanpa kendala.,Netral
Pelayanan cepat dan tidak berbelit-belit.,Negatif
Sangat direkomendasikan untuk digunakan.,Positif
Pelayanan di tempat ini sangat memuaskan dan ramah.,Positif
Saya merasa sangat terbantu dengan layanan yang diberikan.,Negatif
Kualitas produk sangat baik dan sesuai harapan.,Positif
Respon admin cepat dan solutif.,Positif
Pengalaman saya sangat menyenangkan menggunakan layanan ini.,Positif
Fitur yang disediakan sangat lengkap dan mudah digunakan.,Negatif
Saya puas dengan hasil yang saya dapatkan.,Negatif
Aplikasinya berjalan lancar tanpa kendala.,Netral
Pelayanan cepat dan tidak berbelit-belit.,Negatif
Sangat direkomendasikan untuk digunakan.,Positif
Pelayanan di tempat ini sangat memuaskan dan ramah.,Positif
Saya merasa sangat terbantu dengan layanan yang diberikan.,Negatif
Kualitas produk sangat baik dan sesuai harapan.,Positif
Respon admin cepat dan solutif.,Positif
Pengalaman saya sangat menyenangkan menggunakan layanan ini.,Positif
Fitur yang disediakan sangat lengkap dan mudah digunakan.,Negatif
Saya puas dengan hasil yang saya dapatkan.,Negatif
Aplikasinya berjalan lancar tanpa kendala.,Netral
Pelayanan cepat dan tidak berbelit-belit.,Negatif
Sangat direkomendasikan untuk digunakan.,Positif
Pelayanan di tempat ini sangat memuaskan dan ramah.,Positif
Saya merasa sangat terbantu dengan layanan yang diberikan.,Negatif
Kualitas produk sangat baik dan sesuai harapan.,Positif
Respon admin cepat dan solutif.,Positif
Pengalaman saya sangat menyenangkan menggunakan layanan ini.,Positif
Fitur yang disediakan sangat lengkap dan mudah digunakan.,Negatif
Saya puas dengan hasil yang saya dapatkan.,Negatif
Aplikasinya berjalan lancar tanpa kendala.,Netral
Pelayanan cepat dan tidak berbelit-belit.,Negatif
Sangat direkomendasikan untuk digunakan.,Positif
Pelayanan di tempat ini sangat memuaskan dan ramah.,Positif
Saya merasa sangat terbantu dengan layanan yang diberikan.,Negatif
Kualitas produk sangat baik dan sesuai harapan.,Positif
Respon admin cepat dan solutif.,Positif
Pengalaman saya sangat menyenangkan menggunakan layanan ini.,Positif
Fitur yang disediakan sangat lengkap dan mudah digunakan.,Negatif
Saya puas dengan hasil yang saya dapatkan.,Negatif
Aplikasinya berjalan lancar tanpa kendala.,Netral
Pelayanan cepat dan tidak berbelit-belit.,Negatif
Sangat direkomendasikan untuk digunakan.,Positif
Pelayanan di tempat ini sangat memuaskan dan ramah.,Positif
Saya merasa sangat terbantu dengan layanan yang diberikan.,Negatif
Kualitas produk sangat baik dan sesuai harapan.,Positif
Respon admin cepat dan solutif.,Positif
Pengalaman saya sangat menyenangkan menggunakan layanan ini.,Positif
Fitur yang disediakan sangat lengkap dan mudah digunakan.,Negatif
Saya puas dengan hasil yang saya dapatkan.,Negatif
Aplikasinya berjalan lancar tanpa kendala.,Netral
Pelayanan cepat dan tidak berbelit-belit.,Negatif
Sangat direkomendasikan untuk digunakan.,Positif
Pelayanan di tempat ini sangat memuaskan dan ramah.,Positif
Saya merasa sangat terbantu dengan layanan yang diberikan.,Negatif
Kualitas produk sangat baik dan sesuai harapan.,Positif
Respon admin cepat dan solutif.,Positif
Pengalaman saya sangat menyenangkan menggunakan layanan ini.,Positif
Fitur yang disediakan sangat lengkap dan mudah digunakan.,Negatif
Saya puas dengan hasil yang saya dapatkan.,Negatif
Aplikasinya berjalan lancar tanpa kendala.,Netral
Pelayanan cepat dan tidak berbelit-belit.,Negatif
Sangat direkomendasikan untuk digunakan.,Positif
Pelayanan sangat lambat dan tidak profesional.,Negatif
Saya kecewa dengan kualitas layanan yang diberikan.,Negatif
Aplikasi sering mengalami error saat digunakan.,Negatif
Respon dari pihak terkait sangat lama.,Netral
Pengalaman saya kurang menyenangkan.,Negatif
Fitur yang ada tidak berfungsi dengan baik.,Negatif
Hasil yang didapatkan tidak sesuai harapan.,Negatif
Pelayanan kurang ramah dan terkesan acuh.,Negatif
Sistem sering bermasalah tanpa penjelasan.,Negatif
Saya tidak puas dengan layanan ini.,Negatif
Pelayanan sangat lambat dan tidak profesional.,Negatif
Saya kecewa dengan kualitas layanan yang diberikan.,Negatif
Aplikasi sering mengalami error saat digunakan.,Negatif
Respon dari pihak terkait sangat lama.,Netral
Pengalaman saya kurang menyenangkan.,Negatif
Fitur yang ada tidak berfungsi dengan baik.,Negatif
Hasil yang didapatkan tidak sesuai harapan.,Negatif
Pelayanan kurang ramah dan terkesan acuh.,Negatif
Sistem sering bermasalah tanpa penjelasan.,Negatif
Saya tidak puas dengan layanan ini.,Negatif
Pelayanan sangat lambat dan tidak profesional.,Negatif
Saya kecewa dengan kualitas layanan yang diberikan.,Negatif
Aplikasi sering mengalami error saat digunakan.,Negatif
Respon dari pihak terkait sangat lama.,Netral
Pengalaman saya kurang menyenangkan.,Negatif
Fitur yang ada tidak berfungsi dengan baik.,Negatif
Hasil yang didapatkan tidak sesuai harapan.,Negatif
Pelayanan kurang ramah dan terkesan acuh.,Negatif
Sistem sering bermasalah tanpa penjelasan.,Negatif
Saya tidak puas dengan layanan ini.,Negatif
Pelayanan sangat lambat dan tidak profesional.,Negatif
Saya kecewa dengan kualitas layanan yang diberikan.,Negatif
Aplikasi sering mengalami error saat digunakan.,Negatif
Respon dari pihak terkait sangat lama.,Netral
Pengalaman saya kurang menyenangkan.,Negatif
Fitur yang ada tidak berfungsi dengan baik.,Negatif
Hasil yang didapatkan tidak sesuai harapan.,Negatif
Pelayanan kurang ramah dan terkesan acuh.,Negatif
Sistem sering bermasalah tanpa penjelasan.,Negatif
Saya tidak puas dengan layanan ini.,Negatif
Pelayanan sangat lambat dan tidak profesional.,Negatif
Saya kecewa dengan kualitas layanan yang diberikan.,Negatif
Aplikasi sering mengalami error saat digunakan.,Negatif
Respon dari pihak terkait sangat lama.,Netral
Pengalaman saya kurang menyenangkan.,Negatif
Fitur yang ada tidak berfungsi dengan baik.,Negatif
Hasil yang didapatkan tidak sesuai harapan.,Negatif
Pelayanan kurang ramah dan terkesan acuh.,Negatif
Sistem sering bermasalah tanpa penjelasan.,Negatif
Saya tidak puas dengan layanan ini.,Negatif
Pelayanan sangat lambat dan tidak profesional.,Negatif
Saya kecewa dengan kualitas layanan yang diberikan.,Negatif
Aplikasi sering mengalami error saat digunakan.,Negatif
Respon dari pihak terkait sangat lama.,Netral
Pengalaman saya kurang menyenangkan.,Negatif
Fitur yang ada tidak berfungsi dengan baik.,Negatif
Hasil yang didapatkan tidak sesuai harapan.,Negatif
Pelayanan kurang ramah dan terkesan acuh.,Negatif
Sistem sering bermasalah tanpa penjelasan.,Negatif
Saya tidak puas dengan layanan ini.,Negatif
Pelayanan sangat lambat dan tidak profesional.,Negatif
Saya kecewa dengan kualitas layanan yang diberikan.,Negatif
Aplikasi sering mengalami error saat digunakan.,Negatif
Respon dari pihak terkait sangat lama.,Netral
Pengalaman saya kurang menyenangkan.,Negatif
Fitur yang ada tidak berfungsi dengan baik.,Negatif
Hasil yang didapatkan tidak sesuai harapan.,Negatif
Pelayanan kurang ramah dan terkesan acuh.,Negatif
Sistem sering bermasalah tanpa penjelasan.,Negatif
Saya tidak puas dengan layanan ini.,Negatif
Pelayanan sangat lambat dan tidak profesional.,Negatif
Saya kecewa dengan kualitas layanan yang diberikan.,Negatif
Aplikasi sering mengalami error saat digunakan.,Negatif
Respon dari pihak terkait sangat lama.,Netral
Pengalaman saya kurang menyenangkan.,Negatif
Fitur yang ada tidak berfungsi dengan baik.,Negatif
Hasil yang didapatkan tidak sesuai harapan.,Negatif
Pelayanan kurang ramah dan terkesan acuh.,Negatif
Sistem sering bermasalah tanpa penjelasan.,Negatif
Saya tidak puas dengan layanan ini.,Negatif
Pelayanan sangat lambat dan tidak profesional.,Negatif
Saya kecewa dengan kualitas layanan yang diberikan.,Negatif
Aplikasi sering mengalami error saat digunakan.,Negatif
Respon dari pihak terkait sangat lama.,Netral
Pengalaman saya kurang menyenangkan.,Negatif
Fitur yang ada tidak berfungsi dengan baik.,Negatif
Hasil yang didapatkan tidak sesuai harapan.,Negatif
Pelayanan kurang ramah dan terkesan acuh.,Negatif
Sistem sering bermasalah tanpa penjelasan.,Negatif
Saya tidak puas dengan layanan ini.,Negatif
Pelayanan sangat lambat dan tidak profesional.,Negatif
Saya kecewa dengan kualitas layanan yang diberikan.,Negatif
Aplikasi sering mengalami error saat digunakan.,Negatif
Respon dari pihak terkait sangat lama.,Netral
Pengalaman saya kurang menyenangkan.,Negatif
Fitur yang ada tidak berfungsi dengan baik.,Negatif
Hasil yang didapatkan tidak sesuai harapan.,Negatif
Pelayanan kurang ramah dan terkesan acuh.,Negatif
Sistem sering bermasalah tanpa penjelasan.,Negatif
Saya tidak puas dengan layanan ini.,Negatif
Pelayanan sangat lambat dan tidak profesional.,Negatif
Saya kecewa dengan kualitas layanan yang diberikan.,Negatif
Aplikasi sering mengalami error saat digunakan.,Negatif
Respon dari pihak terkait sangat lama.,Netral
Pengalaman saya kurang menyenangkan.,Negatif
Fitur yang ada tidak berfungsi dengan baik.,Negatif
Hasil yang didapatkan tidak sesuai harapan.,Negatif
Pelayanan kurang ramah dan terkesan acuh.,Negatif
Sistem sering bermasalah tanpa penjelasan.,Negatif
Saya tidak puas dengan layanan ini.,Negatif
Pelayanan sangat lambat dan tidak profesional.,Negatif
Saya kecewa dengan kualitas layanan yang diberikan.,Negatif
Aplikasi sering mengalami error saat digunakan.,Negatif
Respon dari pihak terkait sangat lama.,Netral
Pengalaman saya kurang menyenangkan.,Negatif
Fitur yang ada tidak berfungsi dengan baik.,Negatif
Hasil yang didapatkan tidak sesuai harapan.,Negatif
Pelayanan kurang ramah dan terkesan acuh.,Negatif
Sistem sering bermasalah tanpa penjelasan.,Negatif
Saya tidak puas dengan layanan ini.,Negatif
Pelayanan sangat lambat dan tidak profesional.,Negatif
Saya kecewa dengan kualitas layanan yang diberikan.,Negatif
Aplikasi sering mengalami error saat digunakan.,Negatif
Respon dari pihak terkait sangat lama.,Netral
Pengalaman saya kurang menyenangkan.,Negatif
Fitur yang ada tidak berfungsi dengan baik.,Negatif
Hasil yang didapatkan tidak sesuai harapan.,Negatif
Pelayanan kurang ramah dan terkesan acuh.,Negatif
Sistem sering bermasalah tanpa penjelasan.,Negatif
Saya tidak puas dengan layanan ini.,Negatif
Pelayanan yang diberikan cukup standar.,Negatif
Aplikasi dapat digunakan seperti biasa.,Negatif
Tidak ada kendala berarti selama penggunaan.,Negatif
Layanan berjalan sesuai prosedur.,Netral
Pengalaman saya biasa saja.,Negatif
Fitur tersedia dan dapat diakses.,Negatif
Proses berjalan tanpa masalah besar.,Netral
Hasil yang diperoleh cukup normal.,Negatif
Tidak ada kelebihan maupun kekurangan yang menonjol.,Negatif
Secara umum layanan berjalan seperti mestinya.,Netral
Pelayanan yang diberikan cukup standar.,Negatif
Aplikasi dapat digunakan seperti biasa.,Negatif
Tidak ada kendala berarti selama penggunaan.,Negatif
Layanan berjalan sesuai prosedur.,Netral
Pengalaman saya biasa saja.,Negatif
Fitur tersedia dan dapat diakses.,Negatif
Proses berjalan tanpa masalah besar.,Netral
Hasil yang diperoleh cukup normal.,Negatif
Tidak ada kelebihan maupun kekurangan yang menonjol.,Negatif
Secara umum layanan berjalan seperti mestinya.,Netral
Pelayanan yang diberikan cukup standar.,Negatif
Aplikasi dapat digunakan seperti biasa.,Negatif
Tidak ada kendala berarti selama penggunaan.,Negatif
Layanan berjalan sesuai prosedur.,Netral
Pengalaman saya biasa saja.,Negatif
Fitur tersedia dan dapat diakses.,Negatif
Proses berjalan tanpa masalah besar.,Netral
Hasil yang diperoleh cukup normal.,Negatif
Tidak ada kelebihan maupun kekurangan yang menonjol.,Negatif
Secara umum layanan berjalan seperti mestinya.,Netral
Pelayanan yang diberikan cukup standar.,Negatif
Aplikasi dapat digunakan seperti biasa.,Negatif
Tidak ada kendala berarti selama penggunaan.,Negatif
Layanan berjalan sesuai prosedur.,Netral
Pengalaman saya biasa saja.,Negatif
Fitur tersedia dan dapat diakses.,Negatif
Proses berjalan tanpa masalah besar.,Netral
Hasil yang diperoleh cukup normal.,Negatif
Tidak ada kelebihan maupun kekurangan yang menonjol.,Negatif
Secara umum layanan berjalan seperti mestinya.,Netral
Pelayanan yang diberikan cukup standar.,Negatif
Aplikasi dapat digunakan seperti biasa.,Negatif
Tidak ada kendala berarti selama penggunaan.,Negatif
Layanan berjalan sesuai prosedur.,Netral
Pengalaman saya biasa saja.,Negatif
Fitur tersedia dan dapat diakses.,Negatif
Proses berjalan tanpa masalah besar.,Netral
Hasil yang diperoleh cukup normal.,Negatif
Tidak ada kelebihan maupun kekurangan yang menonjol.,Negatif
Secara umum layanan berjalan seperti mestinya.,Netral
Pelayanan yang diberikan cukup standar.,Negatif
Aplikasi dapat digunakan seperti biasa.,Negatif
Tidak ada kendala berarti selama penggunaan.,Negatif
Layanan berjalan sesuai prosedur.,Netral
Pengalaman saya biasa saja.,Negatif
Fitur tersedia dan dapat diakses.,Negatif
Proses berjalan tanpa masalah besar.,Netral
Hasil yang diperoleh cukup normal.,Negatif
Tidak ada kelebihan maupun kekurangan yang menonjol.,Negatif
Secara umum layanan berjalan seperti mestinya.,Netral
Pelayanan yang diberikan cukup standar.,Negatif
Aplikasi dapat digunakan seperti biasa.,Negatif
Tidak ada kendala berarti selama penggunaan.,Negatif
Layanan berjalan sesuai prosedur.,Netral
Pengalaman saya biasa saja.,Negatif
Fitur tersedia dan dapat diakses.,Negatif
Proses berjalan tanpa masalah besar.,Netral
Hasil yang diperoleh cukup normal.,Negatif
Tidak ada kelebihan maupun kekurangan yang menonjol.,Negatif
Secara umum layanan berjalan seperti mestinya.,Netral
Pelayanan yang diberikan cukup standar.,Negatif
Aplikasi dapat digunakan seperti biasa.,Negatif
Tidak ada kendala berarti selama penggunaan.,Negatif
Layanan berjalan sesuai prosedur.,Netral
Pengalaman saya biasa saja.,Negatif
Fitur tersedia dan dapat diakses.,Negatif
Proses berjalan tanpa masalah besar.,Netral
Hasil yang diperoleh cukup normal.,Negatif
Tidak ada kelebihan maupun kekurangan yang menonjol.,Negatif
Secara umum layanan berjalan seperti mestinya.,Netral
Pelayanan yang diberikan cukup standar.,Negatif
Aplikasi dapat digunakan seperti biasa.,Negatif
Tidak ada kendala berarti selama penggunaan.,Negatif
Layanan berjalan sesuai prosedur.,Netral
Pengalaman saya biasa saja.,Negatif
Fitur tersedia dan dapat diakses.,Negatif
Proses berjalan tanpa masalah besar.,Netral
Hasil yang diperoleh cukup normal.,Negatif
Tidak ada kelebihan maupun kekurangan yang menonjol.,Negatif
Secara umum layanan berjalan seperti mestinya.,Netral
Pelayanan yang diberikan cukup standar.,Negatif
Aplikasi dapat digunakan seperti biasa.,Negatif
Tidak ada kendala berarti selama penggunaan.,Negatif
Layanan berjalan sesuai prosedur.,Netral
Pengalaman saya biasa saja.,Negatif
Fitur tersedia dan dapat diakses.,Negatif
Proses berjalan tanpa masalah besar.,Netral
Hasil yang diperoleh cukup normal.,Negatif
Tidak ada kelebihan maupun kekurangan yang menonjol.,Negatif
Secara umum layanan berjalan seperti mestinya.,Netral
Pelayanan yang diberikan cukup standar.,Negatif
Aplikasi dapat digunakan seperti biasa.,Negatif
Tidak ada kendala berarti selama penggunaan.,Negatif
Layanan berjalan sesuai prosedur.,Netral
Pengalaman saya biasa saja.,Negatif
Fitur tersedia dan dapat diakses.,Negatif
Proses berjalan tanpa masalah besar.,Netral
Hasil yang diperoleh cukup normal.,Negatif
Tidak ada kelebihan maupun kekurangan yang menonjol.,Negatif
Secara umum layanan berjalan seperti mestinya.,Netral
Pelayanan yang diberikan cukup standar.,Negatif
Aplikasi dapat digunakan seperti biasa.,Negatif
Tidak ada kendala berarti selama penggunaan.,Negatif
Layanan berjalan sesuai prosedur.,Netral
Pengalaman saya biasa saja.,Negatif
Fitur tersedia dan dapat diakses.,Negatif
Proses berjalan tanpa masalah besar.,Netral
Hasil yang diperoleh cukup normal.,Negatif
Tidak ada kelebihan maupun kekurangan yang menonjol.,Negatif
Secara umum layanan berjalan seperti mestinya.,Netral
Pelayanan yang diberikan cukup standar.,Negatif
Aplikasi dapat digunakan seperti biasa.,Negatif
Tidak ada kendala berarti selama penggunaan.,Negatif
Layanan berjalan sesuai prosedur.,Netral
Pengalaman saya biasa saja.,Negatif
Fitur tersedia dan dapat diakses.,Negatif
Proses berjalan tanpa masalah besar.,Netral
Hasil yang diperoleh cukup normal.,Negatif
Tidak ada kelebihan maupun kekurangan yang menonjol.,Negatif
Secara umum layanan berjalan seperti mestinya.,Netral
Pelayanan yang diberikan cukup standar.,Negatif
Aplikasi dapat digunakan seperti biasa.,Negatif
Tidak ada kendala berarti selama penggunaan.,Negatif
Layanan berjalan sesuai prosedur.,Netral
Pengalaman saya biasa saja.,Negatif
Fitur tersedia dan dapat diakses.,Negatif
Proses berjalan tanpa masalah besar.,Netral
Hasil yang diperoleh cukup normal.,Negatif
Tidak ada kelebihan maupun kekurangan yang menonjol.,Negatif
Secara umum layanan berjalan seperti mestinya.,Netral
