Komentar,Sentimen
Program bantuan ini sangat membantu kebutuhan masyarakat sehari-hari.,Positif
Pelayanan publik sekarang terasa lebih cepat dan tertata.,Positif
Pembangunan jalan desa mempermudah akses warga ke kota.,Positif
Kegiatan pelatihan kerja ini membuka peluang baru bagi pemuda.,Positif
Fasilitas kesehatan di daerah ini semakin membaik.,Positif
Program pendidikan gratis sangat meringankan beban orang tua.,Positif
Kesadaran masyarakat terhadap kebersihan lingkungan meningkat.,Positif
Bantuan UMKM membantu usaha kecil kembali berkembang.,Positif
Kegiatan sosial ini mempererat hubungan antarwarga.,Positif
Pelayanan administrasi kini lebih transparan dan jelas.,Positif
Program bantuan ini sangat membantu kebutuhan masyarakat sehari-hari.,Positif
Pelayanan publik sekarang terasa lebih cepat dan tertata.,Positif
Pembangunan jalan desa mempermudah akses warga ke kota.,Positif
Kegiatan pelatihan kerja ini membuka peluang baru bagi pemuda.,Positif
Fasilitas kesehatan di daerah ini semakin membaik.,Positif
Program pendidikan gratis sangat meringankan beban orang tua.,Positif
Kesadaran masyarakat terhadap kebersihan lingkungan meningkat.,Positif
Bantuan UMKM membantu usaha kecil kembali berkembang.,Positif
Kegiatan sosial ini mempererat hubungan antarwarga.,Positif
Pelayanan administrasi kini lebih transparan dan jelas.,Positif
Program bantuan ini sangat membantu kebutuhan masyarakat sehari-hari.,Positif
Pelayanan publik sekarang terasa lebih cepat dan tertata.,Positif
Pembangunan jalan desa mempermudah akses warga ke kota.,Positif
Kegiatan pelatihan kerja ini membuka peluang baru bagi pemuda.,Positif
Fasilitas kesehatan di daerah ini semakin membaik.,Positif
Program pendidikan gratis sangat meringankan beban orang tua.,Positif
Kesadaran masyarakat terhadap kebersihan lingkungan meningkat.,Positif
Bantuan UMKM membantu usaha kecil kembali berkembang.,Positif
Kegiatan sosial ini mempererat hubungan antarwarga.,Positif
Pelayanan administrasi kini lebih transparan dan jelas.,Positif
Program bantuan ini sangat membantu kebutuhan masyarakat sehari-hari.,Positif
Pelayanan publik sekarang terasa lebih cepat dan tertata.,Positif
Pembangunan jalan desa mempermudah akses warga ke kota.,Positif
Kegiatan pelatihan kerja ini membuka peluang baru bagi pemuda.,Positif
Fasilitas kesehatan di daerah ini semakin membaik.,Positif
Program pendidikan gratis sangat meringankan beban orang tua.,Positif
Kesadaran masyarakat terhadap kebersihan lingkungan meningkat.,Positif
Bantuan UMKM membantu usaha kecil kembali berkembang.,Positif
Kegiatan sosial ini mempererat hubungan antarwarga.,Positif
Pelayanan administrasi kini lebih transparan dan jelas.,Positif
Program bantuan ini sangat membantu kebutuhan masyarakat sehari-hari.,Positif
Pelayanan publik sekarang terasa lebih cepat dan tertata.,Positif
Pembangunan jalan desa mempermudah akses warga ke kota.,Positif
Kegiatan pelatihan kerja ini membuka peluang baru bagi pemuda.,Positif
Fasilitas kesehatan di daerah ini semakin membaik.,Positif
Program pendidikan gratis sangat meringankan beban orang tua.,Positif
Kesadaran masyarakat terhadap kebersihan lingkungan meningkat.,Positif
Bantuan UMKM membantu usaha kecil kembali berkembang.,Positif
Kegiatan sosial ini mempererat hubungan antarwarga.,Positif
Pelayanan administrasi kini lebih transparan dan jelas.,Positif
Program bantuan ini sangat membantu kebutuhan masyarakat sehari-hari.,Positif
Pelayanan publik sekarang terasa lebih cepat dan tertata.,Positif
Pembangunan jalan desa mempermudah akses warga ke kota.,Positif
Kegiatan pelatihan kerja ini membuka peluang baru bagi pemuda.,Positif
Fasilitas kesehatan di daerah ini semakin membaik.,Positif
Program pendidikan gratis sangat meringankan beban orang tua.,Positif
Kesadaran masyarakat terhadap kebersihan lingkungan meningkat.,Positif
Bantuan UMKM membantu usaha kecil kembali berkembang.,Positif
Kegiatan sosial ini mempererat hubungan antarwarga.,Positif
Pelayanan administrasi kini lebih transparan dan jelas.,Positif
Program bantuan ini sangat membantu kebutuhan masyarakat sehari-hari.,Positif
Pelayanan publik sekarang terasa lebih cepat dan tertata.,Positif
Pembangunan jalan desa mempermudah akses warga ke kota.,Positif
Kegiatan pelatihan kerja ini membuka peluang baru bagi pemuda.,Positif
Fasilitas kesehatan di daerah ini semakin membaik.,Positif
Program pendidikan gratis sangat meringankan beban orang tua.,Positif
Kesadaran masyarakat terhadap kebersihan lingkungan meningkat.,Positif
Bantuan UMKM membantu usaha kecil kembali berkembang.,Positif
Kegiatan sosial ini mempererat hubungan antarwarga.,Positif
Pelayanan administrasi kini lebih transparan dan jelas.,Positif
Program bantuan ini sangat membantu kebutuhan masyarakat sehari-hari.,Positif
Pelayanan publik sekarang terasa lebih cepat dan tertata.,Positif
Pembangunan jalan desa mempermudah akses warga ke kota.,Positif
Kegiatan pelatihan kerja ini membuka peluang baru bagi pemuda.,Positif
Fasilitas kesehatan di daerah ini semakin membaik.,Positif
Program pendidikan gratis sangat meringankan beban orang tua.,Positif
Kesadaran masyarakat terhadap kebersihan lingkungan meningkat.,Positif
Bantuan UMKM membantu usaha kecil kembali berkembang.,Positif
Kegiatan sosial ini mempererat hubungan antarwarga.,Positif
Pelayanan administrasi kini lebih transparan dan jelas.,Positif
Program bantuan ini sangat membantu kebutuhan masyarakat sehari-hari.,Positif
Pelayanan publik sekarang terasa lebih cepat dan tertata.,Positif
Pembangunan jalan desa mempermudah akses warga ke kota.,Positif
Kegiatan pelatihan kerja ini membuka peluang baru bagi pemuda.,Positif
Fasilitas kesehatan di daerah ini semakin membaik.,Positif
Program pendidikan gratis sangat meringankan beban orang tua.,Positif
Kesadaran masyarakat terhadap kebersihan lingkungan meningkat.,Positif
Bantuan UMKM membantu usaha kecil kembali berkembang.,Positif
Kegiatan sosial ini mempererat hubungan antarwarga.,Positif
Pelayanan administrasi kini lebih transparan dan jelas.,Positif
Program bantuan ini sangat membantu kebutuhan masyarakat sehari-hari.,Positif
Pelayanan publik sekarang terasa lebih cepat dan tertata.,Positif
Pembangunan jalan desa mempermudah akses warga ke kota.,Positif
Kegiatan pelatihan kerja ini membuka peluang baru bagi pemuda.,Positif
Fasilitas kesehatan di daerah ini semakin membaik.,Positif
Program pendidikan gratis sangat meringankan beban orang tua.,Positif
Kesadaran masyarakat terhadap kebersihan lingkungan meningkat.,Positif
Bantuan UMKM membantu usaha kecil kembali berkembang.,Positif
Kegiatan sosial ini mempererat hubungan antarwarga.,Positif
Pelayanan administrasi kini lebih transparan dan jelas.,Positif
Pelaksanaan program ini kurang tepat sasaran.,Negatif
Pelayanan yang diberikan masih lambat dan berbelit.,Negatif
Bantuan yang diterima tidak sesuai dengan kebutuhan warga.,Negatif
Fasilitas umum banyak yang rusak dan tidak terawat.,Negatif
Distribusi bantuan sering terlambat sampai ke masyarakat.,Negatif
Kurangnya sosialisasi membuat warga bingung.,Negatif
Program ini belum memberikan dampak nyata.,Negatif
Pengelolaan anggaran dinilai kurang transparan.,Negatif
Pelayanan kesehatan masih sulit diakses.,Negatif
Banyak keluhan warga yang belum ditindaklanjuti.,Negatif
Pelaksanaan program ini kurang tepat sasaran.,Negatif
Pelayanan yang diberikan masih lambat dan berbelit.,Negatif
Bantuan yang diterima tidak sesuai dengan kebutuhan warga.,Negatif
Fasilitas umum banyak yang rusak dan tidak terawat.,Negatif
Distribusi bantuan sering terlambat sampai ke masyarakat.,Negatif
Kurangnya sosialisasi membuat warga bingung.,Negatif
Program ini belum memberikan dampak nyata.,Negatif
Pengelolaan anggaran dinilai kurang transparan.,Negatif
Pelayanan kesehatan masih sulit diakses.,Negatif
Banyak keluhan warga yang belum ditindaklanjuti.,Negatif
Pelaksanaan program ini kurang tepat sasaran.,Negatif
Pelayanan yang diberikan masih lambat dan berbelit.,Negatif
Bantuan yang diterima tidak sesuai dengan kebutuhan warga.,Negatif
Fasilitas umum banyak yang rusak dan tidak terawat.,Negatif
Distribusi bantuan sering terlambat sampai ke masyarakat.,Negatif
Kurangnya sosialisasi membuat warga bingung.,Negatif
Program ini belum memberikan dampak nyata.,Negatif
Pengelolaan anggaran dinilai kurang transparan.,Negatif
Pelayanan kesehatan masih sulit diakses.,Negatif
Banyak keluhan warga yang belum ditindaklanjuti.,Negatif
Pelaksanaan program ini kurang tepat sasaran.,Negatif
Pelayanan yang diberikan masih lambat dan berbelit.,Negatif
Bantuan yang diterima tidak sesuai dengan kebutuhan warga.,Negatif
Fasilitas umum banyak yang rusak dan tidak terawat.,Negatif
Distribusi bantuan sering terlambat sampai ke masyarakat.,Negatif
Kurangnya sosialisasi membuat warga bingung.,Negatif
Program ini belum memberikan dampak nyata.,Negatif
Pengelolaan anggaran dinilai kurang transparan.,Negatif
Pelayanan kesehatan masih sulit diakses.,Negatif
Banyak keluhan warga yang belum ditindaklanjuti.,Negatif
Pelaksanaan program ini kurang tepat sasaran.,Negatif
Pelayanan yang diberikan masih lambat dan berbelit.,Negatif
Bantuan yang diterima tidak sesuai dengan kebutuhan warga.,Negatif
Fasilitas umum banyak yang rusak dan tidak terawat.,Negatif
Distribusi bantuan sering terlambat sampai ke masyarakat.,Negatif
Kurangnya sosialisasi membuat warga bingung.,Negatif
Program ini belum memberikan dampak nyata.,Negatif
Pengelolaan anggaran dinilai kurang transparan.,Negatif
Pelayanan kesehatan masih sulit diakses.,Negatif
Banyak keluhan warga yang belum ditindaklanjuti.,Negatif
Pelaksanaan program ini kurang tepat sasaran.,Negatif
Pelayanan yang diberikan masih lambat dan berbelit.,Negatif
Bantuan yang diterima tidak sesuai dengan kebutuhan warga.,Negatif
Fasilitas umum banyak yang rusak dan tidak terawat.,Negatif
Distribusi bantuan sering terlambat sampai ke masyarakat.,Negatif
Kurangnya sosialisasi membuat warga bingung.,Negatif
Program ini belum memberikan dampak nyata.,Negatif
Pengelolaan anggaran dinilai kurang transparan.,Negatif
Pelayanan kesehatan masih sulit diakses.,Negatif
Banyak keluhan warga yang belum ditindaklanjuti.,Negatif
Pelaksanaan program ini kurang tepat sasaran.,Negatif
Pelayanan yang diberikan masih lambat dan berbelit.,Negatif
Bantuan yang diterima tidak sesuai dengan kebutuhan warga.,Negatif
Fasilitas umum banyak yang rusak dan tidak terawat.,Negatif
Distribusi bantuan sering terlambat sampai ke masyarakat.,Negatif
Kurangnya sosialisasi membuat warga bingung.,Negatif
Program ini belum memberikan dampak nyata.,Negatif
Pengelolaan anggaran dinilai kurang transparan.,Negatif
Pelayanan kesehatan masih sulit diakses.,Negatif
Banyak keluhan warga yang belum ditindaklanjuti.,Negatif
Pelaksanaan program ini kurang tepat sasaran.,Negatif
Pelayanan yang diberikan masih lambat dan berbelit.,Negatif
Bantuan yang diterima tidak sesuai dengan kebutuhan warga.,Negatif
Fasilitas umum banyak yang rusak dan tidak terawat.,Negatif
Distribusi bantuan sering terlambat sampai ke masyarakat.,Negatif
Kurangnya sosialisasi membuat warga bingung.,Negatif
Program ini belum memberikan dampak nyata.,Negatif
Pengelolaan anggaran dinilai kurang transparan.,Negatif
Pelayanan kesehatan masih sulit diakses.,Negatif
Banyak keluhan warga yang belum ditindaklanjuti.,Negatif
Pelaksanaan program ini kurang tepat sasaran.,Negatif
Pelayanan yang diberikan masih lambat dan berbelit.,Negatif
Bantuan yang diterima tidak sesuai dengan kebutuhan warga.,Negatif
Fasilitas umum banyak yang rusak dan tidak terawat.,Negatif
Distribusi bantuan sering terlambat sampai ke masyarakat.,Negatif
Kurangnya sosialisasi membuat warga bingung.,Negatif
Program ini belum memberikan dampak nyata.,Negatif
Pengelolaan anggaran dinilai kurang transparan.,Negatif
Pelayanan kesehatan masih sulit diakses.,Negatif
Banyak keluhan warga yang belum ditindaklanjuti.,Negatif
Pelaksanaan program ini kurang tepat sasaran.,Negatif
Pelayanan yang diberikan masih lambat dan berbelit.,Negatif
Bantuan yang diterima tidak sesuai dengan kebutuhan warga.,Negatif
Fasilitas umum banyak yang rusak dan tidak terawat.,Negatif
Distribusi bantuan sering terlambat sampai ke masyarakat.,Negatif
Kurangnya sosialisasi membuat warga bingung.,Negatif
Program ini belum memberikan dampak nyata.,Negatif
Pengelolaan anggaran dinilai kurang transparan.,Negatif
Pelayanan kesehatan masih sulit diakses.,Negatif
Banyak keluhan warga yang belum ditindaklanjuti.,Negatif
Program ini masih dalam tahap pelaksanaan awal.,Netral
Kegiatan tersebut sedang dievaluasi oleh pihak terkait.,Netral
Pelaksanaan program berjalan sesuai jadwal.,Netral
Data penerima bantuan masih dalam proses pendataan.,Netral
Program ini diumumkan melalui media resmi pemerintah.,Netral
Kegiatan berlangsung di beberapa wilayah.,Netral
Pelaksanaan dilakukan secara bertahap.,Netral
Program ini melibatkan berbagai pihak.,Netral
Kegiatan disesuaikan dengan kondisi daerah.,Netral
Informasi lebih lanjut akan diumumkan kemudian.,Netral
Program ini masih dalam tahap pelaksanaan awal.,Netral
Kegiatan tersebut sedang dievaluasi oleh pihak terkait.,Netral
Pelaksanaan program berjalan sesuai jadwal.,Netral
Data penerima bantuan masih dalam proses pendataan.,Netral
Program ini diumumkan melalui media resmi pemerintah.,Netral
Kegiatan berlangsung di beberapa wilayah.,Netral
Pelaksanaan dilakukan secara bertahap.,Netral
Program ini melibatkan berbagai pihak.,Netral
Kegiatan disesuaikan dengan kondisi daerah.,Netral
Informasi lebih lanjut akan diumumkan kemudian.,Netral
Program ini masih dalam tahap pelaksanaan awal.,Netral
Kegiatan tersebut sedang dievaluasi oleh pihak terkait.,Netral
Pelaksanaan program berjalan sesuai jadwal.,Netral
Data penerima bantuan masih dalam proses pendataan.,Netral
Program ini diumumkan melalui media resmi pemerintah.,Netral
Kegiatan berlangsung di beberapa wilayah.,Netral
Pelaksanaan dilakukan secara bertahap.,Netral
Program ini melibatkan berbagai pihak.,Netral
Kegiatan disesuaikan dengan kondisi daerah.,Netral
Informasi lebih lanjut akan diumumkan kemudian.,Netral
Program ini masih dalam tahap pelaksanaan awal.,Netral
Kegiatan tersebut sedang dievaluasi oleh pihak terkait.,Netral
Pelaksanaan program berjalan sesuai jadwal.,Netral
Data penerima bantuan masih dalam proses pendataan.,Netral
Program ini diumumkan melalui media resmi pemerintah.,Netral
Kegiatan berlangsung di beberapa wilayah.,Netral
Pelaksanaan dilakukan secara bertahap.,Netral
Program ini melibatkan berbagai pihak.,Netral
Kegiatan disesuaikan dengan kondisi daerah.,Netral
Informasi lebih lanjut akan diumumkan kemudian.,Netral
Program ini masih dalam tahap pelaksanaan awal.,Netral
Kegiatan tersebut sedang dievaluasi oleh pihak terkait.,Netral
Pelaksanaan program berjalan sesuai jadwal.,Netral
Data penerima bantuan masih dalam proses pendataan.,Netral
Program ini diumumkan melalui media resmi pemerintah.,Netral
Kegiatan berlangsung di beberapa wilayah.,Netral
Pelaksanaan dilakukan secara bertahap.,Netral
Program ini melibatkan berbagai pihak.,Netral
Kegiatan disesuaikan dengan kondisi daerah.,Netral
Informasi lebih lanjut akan diumumkan kemudian.,Netral
Program ini masih dalam tahap pelaksanaan awal.,Netral
Kegiatan tersebut sedang dievaluasi oleh pihak terkait.,Netral
Pelaksanaan program berjalan sesuai jadwal.,Netral
Data penerima bantuan masih dalam proses pendataan.,Netral
Program ini diumumkan melalui media resmi pemerintah.,Netral
Kegiatan berlangsung di beberapa wilayah.,Netral
Pelaksanaan dilakukan secara bertahap.,Netral
Program ini melibatkan berbagai pihak.,Netral
Kegiatan disesuaikan dengan kondisi daerah.,Netral
Informasi lebih lanjut akan diumumkan kemudian.,Netral
Program ini masih dalam tahap pelaksanaan awal.,Netral
Kegiatan tersebut sedang dievaluasi oleh pihak terkait.,Netral
Pelaksanaan program berjalan sesuai jadwal.,Netral
Data penerima bantuan masih dalam proses pendataan.,Netral
Program ini diumumkan melalui media resmi pemerintah.,Netral
Kegiatan berlangsung di beberapa wilayah.,Netral
Pelaksanaan dilakukan secara bertahap.,Netral
Program ini melibatkan berbagai pihak.,Netral
Kegiatan disesuaikan dengan kondisi daerah.,Netral
Informasi lebih lanjut akan diumumkan kemudian.,Netral
Program ini masih dalam tahap pelaksanaan awal.,Netral
Kegiatan tersebut sedang dievaluasi oleh pihak terkait.,Netral
Pelaksanaan program berjalan sesuai jadwal.,Netral
Data penerima bantuan masih dalam proses pendataan.,Netral
Program ini diumumkan melalui media resmi pemerintah.,Netral
Kegiatan berlangsung di beberapa wilayah.,Netral
Pelaksanaan dilakukan secara bertahap.,Netral
Program ini melibatkan berbagai pihak.,Netral
Kegiatan disesuaikan dengan kondisi daerah.,Netral
Informasi lebih lanjut akan diumumkan kemudian.,Netral
Program ini masih dalam tahap pelaksanaan awal.,Netral
Kegiatan tersebut sedang dievaluasi oleh pihak terkait.,Netral
Pelaksanaan program berjalan sesuai jadwal.,Netral
Data penerima bantuan masih dalam proses pendataan.,Netral
Program ini diumumkan melalui media resmi pemerintah.,Netral
Kegiatan berlangsung di beberapa wilayah.,Netral
Pelaksanaan dilakukan secara bertahap.,Netral
Program ini melibatkan berbagai pihak.,Netral
Kegiatan disesuaikan dengan kondisi daerah.,Netral
Informasi lebih lanjut akan diumumkan kemudian.,Netral
Program ini masih dalam tahap pelaksanaan awal.,Netral
Kegiatan tersebut sedang dievaluasi oleh pihak terkait.,Netral
Pelaksanaan program berjalan sesuai jadwal.,Netral
Data penerima bantuan masih dalam proses pendataan.,Netral
Program ini diumumkan melalui media resmi pemerintah.,Netral
Kegiatan berlangsung di beberapa wilayah.,Netral
Pelaksanaan dilakukan secara bertahap.,Netral
Program ini melibatkan berbagai pihak.,Netral
Kegiatan disesuaikan dengan kondisi daerah.,Netral
Informasi lebih lanjut akan diumumkan kemudian.,Netral
